{
    "accuracy": 88.66666666666667,
    "precision": 0.8866153214888973,
    "recall": 0.8866666666666667,
    "f1_score": 0.8862191063799884
}
